<?xml version="1.0"?>
<doc>
    <assembly>
        <name>Microsoft.Azure.Mobile.Server.Entity</name>
    </assembly>
    <members>
        <member name="T:Microsoft.Azure.Mobile.Server.Properties.CommonResources">
            <summary>
              A strongly-typed resource class, for looking up localized strings, etc.
            </summary>
        </member>
        <member name="P:Microsoft.Azure.Mobile.Server.Properties.CommonResources.ResourceManager">
            <summary>
              Returns the cached ResourceManager instance used by this class.
            </summary>
        </member>
        <member name="P:Microsoft.Azure.Mobile.Server.Properties.CommonResources.Culture">
            <summary>
              Overrides the current thread's CurrentUICulture property for all
              resource lookups using this strongly typed resource class.
            </summary>
        </member>
        <member name="P:Microsoft.Azure.Mobile.Server.Properties.CommonResources.ArgMustBeGreaterThanOrEqualTo">
            <summary>
              Looks up a localized string similar to Argument must be greater than or equal to {0}..
            </summary>
        </member>
        <member name="P:Microsoft.Azure.Mobile.Server.Properties.CommonResources.ArgumentOutOfRange_InvalidEnum">
            <summary>
              Looks up a localized string similar to The value must be from the &apos;{0}&apos; enumeration..
            </summary>
        </member>
        <member name="P:Microsoft.Azure.Mobile.Server.Properties.CommonResources.Assembly_UnknownFileVersion">
            <summary>
              Looks up a localized string similar to &lt;unknown&gt;.
            </summary>
        </member>
        <member name="P:Microsoft.Azure.Mobile.Server.Properties.CommonResources.DomainManager_Conflict">
            <summary>
              Looks up a localized string similar to The operation failed due to a conflict: &apos;{0}&apos;..
            </summary>
        </member>
        <member name="P:Microsoft.Azure.Mobile.Server.Properties.CommonResources.HttpHeaderToken_Invalid">
            <summary>
              Looks up a localized string similar to The format of value &apos;{0}&apos; is invalid. The character &apos;{1}&apos; is not a valid HTTP header token character..
            </summary>
        </member>
        <member name="P:Microsoft.Azure.Mobile.Server.Properties.CommonResources.Property_CannotBeNull">
            <summary>
              Looks up a localized string similar to &apos;{0}&apos; cannot be null..
            </summary>
        </member>
        <member name="T:Microsoft.Azure.Mobile.Server.Properties.EFResources">
            <summary>
              A strongly-typed resource class, for looking up localized strings, etc.
            </summary>
        </member>
        <member name="P:Microsoft.Azure.Mobile.Server.Properties.EFResources.ResourceManager">
            <summary>
              Returns the cached ResourceManager instance used by this class.
            </summary>
        </member>
        <member name="P:Microsoft.Azure.Mobile.Server.Properties.EFResources.Culture">
            <summary>
              Overrides the current thread's CurrentUICulture property for all
              resource lookups using this strongly typed resource class.
            </summary>
        </member>
        <member name="P:Microsoft.Azure.Mobile.Server.Properties.EFResources.DomainManager_ChangeConflict">
            <summary>
              Looks up a localized string similar to The operation failed due to a change conflict. Error received: &apos;{0}&apos;..
            </summary>
        </member>
        <member name="P:Microsoft.Azure.Mobile.Server.Properties.EFResources.DomainManager_InvalidOperation">
            <summary>
              Looks up a localized string similar to The operation failed with the following error: &apos;{0}&apos;..
            </summary>
        </member>
        <member name="P:Microsoft.Azure.Mobile.Server.Properties.EFResources.DomainManager_NoOriginalValue">
            <summary>
              Looks up a localized string similar to The client is attempting to use optimistic concurrency in connection with updates and inserts but the current &apos;{0}&apos; implementation does not set the original version required to support this. Please implement the method &apos;{1}&apos; and provide the original value..
            </summary>
        </member>
        <member name="P:Microsoft.Azure.Mobile.Server.Properties.EFResources.DomainManager_ValidationError">
            <summary>
              Looks up a localized string similar to The entity submitted was invalid: {0}.
            </summary>
        </member>
        <member name="P:Microsoft.Azure.Mobile.Server.Properties.EFResources.DomainManager_ValidationErrorDescription">
            <summary>
              Looks up a localized string similar to Validation error on property &apos;{0}&apos;: {1}.
            </summary>
        </member>
        <member name="P:Microsoft.Azure.Mobile.Server.Properties.EFResources.EntityDomainController_KeyNotFound">
            <summary>
              Looks up a localized string similar to They key &apos;{0}&apos; is invalid. It must follow a format that is compatible with a type &apos;{1}&apos;..
            </summary>
        </member>
        <member name="P:Microsoft.Azure.Mobile.Server.Properties.EFResources.TableController_KeyMismatch">
            <summary>
              Looks up a localized string similar to The &apos;{0}&apos; field in the HTTP request body must match the values used in the request URI. Expected a value of &apos;{1}&apos; but received &apos;{2}&apos;..
            </summary>
        </member>
        <member name="P:Microsoft.Azure.Mobile.Server.Properties.EFResources.TableKeys_InvalidKey">
            <summary>
              Looks up a localized string similar to The key &apos;{0}&apos; is invalid. It must follow the pattern &apos;k1&apos;,&apos;k2&apos;,&apos;k3&apos;..
            </summary>
        </member>
        <member name="M:Microsoft.Azure.Mobile.Server.SqlFuncs.StringConvert(System.Nullable{System.Double})">
            <summary>Returns character data converted from numeric data.</summary>
            <returns>The input expression converted to a string.</returns>
            <param name="number">A numeric expression.</param>
        </member>
        <member name="M:Microsoft.Azure.Mobile.Server.SqlFuncs.StringConvert(System.Nullable{System.Double},System.Nullable{System.Int32})">
            <summary>Returns character data converted from numeric data.</summary>
            <returns>The numeric input expression converted to a string.</returns>
            <param name="number">A numeric expression.</param>
            <param name="length">The total length of the string. This includes decimal point, sign, digits, and spaces. The default is 10.</param>
        </member>
        <member name="T:Microsoft.Azure.Mobile.Server.Config.EntityMobileAppConfigurationExtensions">
            <summary>
            </summary>
        </member>
        <member name="M:Microsoft.Azure.Mobile.Server.Config.EntityMobileAppConfigurationExtensions.AddEntityFramework(Microsoft.Azure.Mobile.Server.Tables.Config.MobileAppTableConfiguration)">
            <summary>
            </summary>
            <param name="config"></param>
            <returns></returns>
        </member>
        <member name="M:Microsoft.Azure.Mobile.Server.Config.EntityMobileAppConfigurationExtensions.AddTablesWithEntityFramework(Microsoft.Azure.Mobile.Server.Config.MobileAppConfiguration)">
            <summary>
            </summary>
            <param name="config"></param>
            <returns></returns>
        </member>
        <member name="T:Microsoft.Azure.Mobile.Server.MappedEntityDomainManager`2">
            <summary>
            Provides an <see cref="T:Microsoft.Azure.Mobile.Server.Tables.DomainManager`1"/> implementation targeting SQL as the backend store using
            Entity Framework where there is not a 1:1 mapping between the data object (DTO) exposed through
            a <see cref="T:Microsoft.Azure.Mobile.Server.TableController`1"/> and the domain model managed by SQL.
            See <see cref="T:Microsoft.Azure.Mobile.Server.EntityDomainManager`1"/> for situations where there is a 1:1 relationship between
            the Data Object (DTO) and the domain model managed by SQL.
            </summary>
            <remarks>
            The <see cref="T:Microsoft.Azure.Mobile.Server.MappedEntityDomainManager`2"/> leverages AutoMapper to map between the
            DTO and the domain model and it is assumed that AutoMapper has already been initialized with
            appropriate mappings that map from DTO => domain model and from domain model => DTO. The
            bi-directional mapping is required for both reads (GET, QUERY) and updates (PUT, POST, DELETE, PATCH)
            to function.
            </remarks>
            <typeparam name="TData">The data object (DTO) type.</typeparam>
            <typeparam name="TModel">The type of the domain data model</typeparam>
        </member>
        <member name="M:Microsoft.Azure.Mobile.Server.MappedEntityDomainManager`2.#ctor(System.Data.Entity.DbContext,System.Net.Http.HttpRequestMessage)">
            <summary>
            Creates a new instance of <see cref="T:Microsoft.Azure.Mobile.Server.MappedEntityDomainManager`2"/>
            </summary>
            <param name="context">
            An instance of <see cref="T:System.Data.Entity.DbContext"/>
            </param>
            <param name="request">
            An instance of <see cref="T:System.Net.Http.HttpRequestMessage"/>
            </param>
        </member>
        <member name="M:Microsoft.Azure.Mobile.Server.MappedEntityDomainManager`2.#ctor(System.Data.Entity.DbContext,System.Net.Http.HttpRequestMessage,System.Boolean)">
            <summary>
            Creates a new instance of <see cref="T:Microsoft.Azure.Mobile.Server.MappedEntityDomainManager`2"/>
            </summary>
            <param name="context">
            An instance of <see cref="T:System.Data.Entity.DbContext"/>
            </param>
            <param name="request">
            An instance of <see cref="T:System.Net.Http.HttpRequestMessage"/>
            </param>
            <param name="enableSoftDelete">
            Determines whether rows are hard deleted or marked as deleted.
            </param>
        </member>
        <member name="M:Microsoft.Azure.Mobile.Server.MappedEntityDomainManager`2.SubmitChangesAsync">
            <summary>
            Submits the change through Entity Framework while logging any exceptions
            and produce appropriate <see cref="T:System.Net.Http.HttpResponseMessage"/> instances.
            </summary>
            <returns>A <see cref="T:System.Threading.Tasks.Task"/> representing the operation.</returns>
        </member>
        <member name="M:Microsoft.Azure.Mobile.Server.MappedEntityDomainManager`2.GetOriginalValue(System.Data.Entity.Infrastructure.DbUpdateConcurrencyException)">
            <summary>
            Gets the original value of an entity in case an update or replace operation
            resulted in an <see cref="T:System.Data.Entity.Infrastructure.DbUpdateConcurrencyException"/>. The original value extracted
            from the exception will get returned to the client so that it can merge the data and
            possibly try the operation again.
            </summary>
            <param name="conflict">The <see cref="T:System.Data.Entity.Infrastructure.DbUpdateConcurrencyException"/> thrown by
            the update or replace operation.</param>
            <returns>The original value or <c>null</c> if none are available.</returns>
        </member>
        <member name="M:Microsoft.Azure.Mobile.Server.MappedEntityDomainManager`2.SetOriginalVersion(`1,System.Byte[])">
            <summary>
            Override this method to support optimistic concurrent updates and replace operations. In order to evaluate whether
            an object has been updated concurrently, Entity Framework needs to know the original version of the object being edited
            and compare that to the current version maintained in the database. This requires that the original value is known
            by Entity Framework so that it can ask the database to do the check.
            </summary>
            <remarks>
            In case the column used to manage versioning is called "Version", the code to set the original value looks like this:
            <code>
              this.context.Entry(model).OriginalValues["Version"] = version;
            </code>
            </remarks>
            <param name="model">The current entity model object.</param>
            <param name="version">The original version provided by the request as being the version that is being updated; or <c>null</c> if no version was indicated.</param>
        </member>
        <member name="M:Microsoft.Azure.Mobile.Server.MappedEntityDomainManager`2.VerifyUpdatedKey(System.String,`0)">
            <summary>
            Verify that the id specified in the request URI matches that of an
            updated entity. If not then throw an exception as ids can't be modified.
            </summary>
        </member>
        <member name="T:Microsoft.Azure.Mobile.Server.EntityContext">
            <summary>
            The <see cref="T:Microsoft.Azure.Mobile.Server.EntityContext"/> is an abstract base class which provides the same functionality as the 
            <see cref="T:System.Data.Entity.DbContext"/> scaffolded by Visual Studio. It is optional to use this base class 
            instead of the scaffolded code when using a <see cref="T:Microsoft.Azure.Mobile.Server.TableController`1"/>.
            </summary>
        </member>
        <member name="M:Microsoft.Azure.Mobile.Server.EntityContext.#ctor">
            <summary>
            Initializes a new instance of the <see cref="T:Microsoft.Azure.Mobile.Server.EntityContext"/> with the default schema name
            derived from the service name.
            </summary>
        </member>
        <member name="T:Microsoft.Azure.Mobile.Server.EntityData">
            <summary>
            An abstract implementation of the <see cref="T:Microsoft.Azure.Mobile.Server.Tables.ITableData"/> interface indicating how the
            system properties for a given table data model are to be serialized when communicating
            with clients when using Entity Framework for accessing the backend store.
            The uniform serialization of system properties ensures that the clients 
            can process the system properties uniformly across platforms. Concrete entity framework
            models can derive from this base class in order to support the system properties.
            </summary>
        </member>
        <member name="T:Microsoft.Azure.Mobile.Server.Tables.EntityTableSqlGenerator">
            <summary>
            Updates the SQL DB definition to take into account columns marked by <see cref="T:Microsoft.Azure.Mobile.Server.Tables.TableColumnType"/>.
            The <see cref="T:Microsoft.Azure.Mobile.Server.Tables.EntityTableSqlGenerator"/> can be enabled either by using the scaffolded <see cref="T:System.Data.Entity.DbContext"/>
            or by deriving from the <see cref="T:Microsoft.Azure.Mobile.Server.EntityContext"/> base class.
            </summary>
        </member>
        <member name="F:Microsoft.Azure.Mobile.Server.Tables.EntityUtils.SqlUniqueConstraintViolationError">
            <summary>
            Error number for unique constraint violation
            </summary>
        </member>
        <member name="M:Microsoft.Azure.Mobile.Server.Tables.EntityUtils.GetValidationDescription(System.Data.Entity.Validation.DbEntityValidationException)">
            <summary>
            Creates a description of validation errors provided by <paramref name="ex"/>.
            </summary>
            <param name="ex">The <see cref="T:System.Data.Entity.Validation.DbEntityValidationException"/> with the validation errors.</param>
            <returns>A <see cref="T:System.String"/> describing the validation errors.</returns>
        </member>
        <member name="M:Microsoft.Azure.Mobile.Server.Tables.EntityUtils.SubmitChangesAsync(System.Data.Entity.DbContext,System.Net.Http.HttpRequestMessage,System.Func{System.Data.Entity.Infrastructure.DbUpdateConcurrencyException,System.Object})">
            <summary>
            Submits the change through Entity Framework while logging any exceptions
            and produce appropriate <see cref="T:System.Net.Http.HttpResponseMessage"/> instances.
            </summary>
            <returns>A <see cref="T:System.Threading.Tasks.Task"/> representing the operation.</returns>
        </member>
        <member name="M:Microsoft.Azure.Mobile.Server.Tables.EntityUtils.GetUnderlyingSqlException(System.Data.DataException)">
            <summary>
            If the inner exception chain of the specified <see cref="T:System.Data.DataException"/> has
            a <see cref="T:System.Data.SqlClient.SqlException"/> that inner exception is returned.
            </summary>
            <param name="dataException">The exception to search through</param>
            <returns>The inner <see cref="T:System.Data.SqlClient.SqlException"/> or null</returns>
        </member>
        <member name="M:Microsoft.Azure.Mobile.Server.Tables.EntityUtils.GetConflictStatusCode(System.Net.Http.HttpRequestMessage)">
            <summary>
            Returns a conflict HTTP status code depending on whether there is an <c>If-Match</c> header present or not.
            In this case, the status code is 412 (Precondition failed), if not it is 409 (Conflict).
            </summary>
            <param name="request">The request to inspect.</param>
            <returns>The <see cref="T:System.Net.HttpStatusCode"/> status.</returns>
        </member>
        <member name="M:Microsoft.Azure.Mobile.Server.Tables.EntityUtils.GetSqlCommand(System.String)">
            <summary>
            Returns the SQL command with the given <paramref name="name"/> by reading the corresponding
            embedded resource.
            </summary>
            <param name="name">The name of the SQL command to read as an embedded resource.</param>
            <returns>The command.</returns>
        </member>
        <member name="T:Microsoft.Azure.Mobile.Server.EntityDomainManager`1">
            <summary>
            Provides a <see cref="T:Microsoft.Azure.Mobile.Server.Tables.DomainManager`1"/> implementation targeting SQL as the backend store using
            Entity Framework. In this model, there is a 1:1 mapping between the data object (DTO) exposed through
            a <see cref="T:Microsoft.Azure.Mobile.Server.TableController`1"/> and the domain model. The <see cref="T:Microsoft.Azure.Mobile.Server.MappedEntityDomainManager`2"/>
            is the recommended <see cref="T:Microsoft.Azure.Mobile.Server.Tables.DomainManager`1"/> for situations where there is not a 1:1
            relationship between the Data Object (DTO) and the domain model managed by SQL.
            </summary>
            <typeparam name="TData">The data object (DTO) type.</typeparam>
        </member>
        <member name="M:Microsoft.Azure.Mobile.Server.EntityDomainManager`1.#ctor(System.Data.Entity.DbContext,System.Net.Http.HttpRequestMessage)">
            <summary>
            Creates a new instance of <see cref="T:Microsoft.Azure.Mobile.Server.EntityDomainManager`1"/>
            </summary>
            <param name="context">
            An instance of <see cref="T:System.Data.Entity.DbContext"/>
            </param>
            <param name="request">
            An instance of <see cref="T:System.Net.Http.HttpRequestMessage"/>
            </param>
        </member>
        <member name="M:Microsoft.Azure.Mobile.Server.EntityDomainManager`1.#ctor(System.Data.Entity.DbContext,System.Net.Http.HttpRequestMessage,System.Boolean)">
            <summary>
            Creates a new instance of <see cref="T:Microsoft.Azure.Mobile.Server.EntityDomainManager`1"/>
            </summary>
            <param name="context">
            An instance of <see cref="T:System.Data.Entity.DbContext"/>
            </param>
            <param name="request">
            An instance of <see cref="T:System.Net.Http.HttpRequestMessage"/>
            </param>
            <param name="enableSoftDelete">
            Determines whether rows are hard deleted or marked as deleted.
            </param>
        </member>
        <member name="M:Microsoft.Azure.Mobile.Server.EntityDomainManager`1.SubmitChangesAsync">
            <summary>
            Submits the change through Entity Framework while logging any exceptions
            and produce appropriate <see cref="T:System.Net.Http.HttpResponseMessage"/> instances.
            </summary>
            <returns>A <see cref="T:System.Threading.Tasks.Task"/> representing the operation.</returns>
        </member>
        <member name="M:Microsoft.Azure.Mobile.Server.EntityDomainManager`1.GetOriginalValue(System.Data.Entity.Infrastructure.DbUpdateConcurrencyException)">
            <summary>
            Gets the original value of an entity in case an update or replace operation
            resulted in an <see cref="T:System.Data.Entity.Infrastructure.DbUpdateConcurrencyException"/>. The original value extracted
            from the exception will get returned to the client so that it can merge the data and
            possibly try the operation again.
            </summary>
            <param name="conflict">The <see cref="T:System.Data.Entity.Infrastructure.DbUpdateConcurrencyException"/> thrown by
            the update or replace operation.</param>
            <returns>The original value or <c>null</c> if none are available.</returns>
        </member>
        <member name="M:Microsoft.Azure.Mobile.Server.EntityDomainManager`1.VerifyUpdatedKey(System.String,`0)">
            <summary>
            Verify that the id specified in the request URI matches that of an
            updated entity. If not then throw an exception as ids can't be modified.
            </summary>
        </member>
        <member name="T:Microsoft.Azure.Mobile.ServiceLogCategories">
            <summary>
            Category names traced by the service infrastructure. By separating it out from the default Web API 
            categories and from other user categories it is possible to filter them out in the tracing
            logic.
            </summary>
        </member>
        <member name="T:System.Web.Http.OData.DeltaExtensions">
            <summary>
            Various extension methods for the <see cref="T:System.Web.Http.OData.Delta`1"/> class.
            </summary>
        </member>
        <member name="M:System.Web.Http.OData.DeltaExtensions.GetPropertyValueOrDefault``2(System.Web.Http.OData.Delta{``0},System.String)">
            <summary>
            Gets the value of a given property or <c>default</c> if property is either not present or not of type <typeparamref name="TProperty"/>.
            </summary>
            <typeparam name="TData">The type of <see cref="T:System.Web.Http.OData.Delta`1"/>.</typeparam>
            <typeparam name="TProperty">The type of the property.</typeparam>
            <param name="patch">The <see cref="T:System.Web.Http.OData.Delta`1"/> instance to probe for the property.</param>
            <param name="propertyName">The property name to look up.</param>
            <returns>The value of the property or <c>default</c> if either not present or of the wrong type.</returns>
        </member>
        <member name="M:System.StringExtensions.FormatForUser(System.String,System.Object[])">
            <summary>
            Formats the input string to be user visible using <see cref="P:System.Globalization.CultureInfo.CurrentCulture"/>.
            </summary>
        </member>
        <member name="M:System.StringExtensions.FormatInvariant(System.String,System.Object[])">
            <summary>
            Formats the input string to be user visible using <see cref="P:System.Globalization.CultureInfo.InvariantCulture"/>.
            </summary>
        </member>
        <member name="M:System.StringExtensions.SplitAndTrim(System.String,System.Char[])">
            <summary>
            Splits a string into segments based on a given <paramref name="separator"/>. The segments are 
            trimmed and empty segments are removed.
            </summary>
            <param name="input">The string to split.</param>
            <param name="separator">An array of Unicode characters that delimit the substrings in this instance, an empty array that contains no delimiters, or null.</param>
            <returns>An <see cref="T:System.Collections.Generic.IEnumerable`1"/> containing the resulting segments.</returns>
        </member>
    </members>
</doc>
