<?xml version="1.0"?>
<doc>
    <assembly>
        <name>Microsoft.Azure.Mobile.Server.Tables</name>
    </assembly>
    <members>
        <member name="T:Microsoft.Azure.Mobile.Server.Properties.CommonResources">
            <summary>
              A strongly-typed resource class, for looking up localized strings, etc.
            </summary>
        </member>
        <member name="P:Microsoft.Azure.Mobile.Server.Properties.CommonResources.ResourceManager">
            <summary>
              Returns the cached ResourceManager instance used by this class.
            </summary>
        </member>
        <member name="P:Microsoft.Azure.Mobile.Server.Properties.CommonResources.Culture">
            <summary>
              Overrides the current thread's CurrentUICulture property for all
              resource lookups using this strongly typed resource class.
            </summary>
        </member>
        <member name="P:Microsoft.Azure.Mobile.Server.Properties.CommonResources.ArgMustBeGreaterThanOrEqualTo">
            <summary>
              Looks up a localized string similar to Argument must be greater than or equal to {0}..
            </summary>
        </member>
        <member name="P:Microsoft.Azure.Mobile.Server.Properties.CommonResources.ArgumentOutOfRange_InvalidEnum">
            <summary>
              Looks up a localized string similar to The value must be from the &apos;{0}&apos; enumeration..
            </summary>
        </member>
        <member name="P:Microsoft.Azure.Mobile.Server.Properties.CommonResources.Assembly_UnknownFileVersion">
            <summary>
              Looks up a localized string similar to &lt;unknown&gt;.
            </summary>
        </member>
        <member name="P:Microsoft.Azure.Mobile.Server.Properties.CommonResources.DomainManager_Conflict">
            <summary>
              Looks up a localized string similar to The operation failed due to a conflict: &apos;{0}&apos;..
            </summary>
        </member>
        <member name="P:Microsoft.Azure.Mobile.Server.Properties.CommonResources.HttpHeaderToken_Invalid">
            <summary>
              Looks up a localized string similar to The format of value &apos;{0}&apos; is invalid. The character &apos;{1}&apos; is not a valid HTTP header token character..
            </summary>
        </member>
        <member name="P:Microsoft.Azure.Mobile.Server.Properties.CommonResources.Property_CannotBeNull">
            <summary>
              Looks up a localized string similar to &apos;{0}&apos; cannot be null..
            </summary>
        </member>
        <member name="T:Microsoft.Azure.Mobile.Server.Properties.TResources">
            <summary>
              A strongly-typed resource class, for looking up localized strings, etc.
            </summary>
        </member>
        <member name="P:Microsoft.Azure.Mobile.Server.Properties.TResources.ResourceManager">
            <summary>
              Returns the cached ResourceManager instance used by this class.
            </summary>
        </member>
        <member name="P:Microsoft.Azure.Mobile.Server.Properties.TResources.Culture">
            <summary>
              Overrides the current thread's CurrentUICulture property for all
              resource lookups using this strongly typed resource class.
            </summary>
        </member>
        <member name="P:Microsoft.Azure.Mobile.Server.Properties.TResources.DomainManager_DoesNotSupportSoftDelete">
            <summary>
              Looks up a localized string similar to The &apos;{0}&apos; domain manager does not support soft delete..
            </summary>
        </member>
        <member name="P:Microsoft.Azure.Mobile.Server.Properties.TResources.DomainManager_NoQueryableLookup">
            <summary>
              Looks up a localized string similar to The &apos;{0}&apos; domain manager only supports &apos;{1}&apos; for looking up data. Please use the &apos;{2}&apos; method instead&apos;..
            </summary>
        </member>
        <member name="P:Microsoft.Azure.Mobile.Server.Properties.TResources.DomainManager_NoQueryableQuery">
            <summary>
              Looks up a localized string similar to The &apos;{0}&apos; domain manager only supports &apos;{1}&apos; for querying data. Please use the &apos;{2}&apos; method instead&apos;..
            </summary>
        </member>
        <member name="P:Microsoft.Azure.Mobile.Server.Properties.TResources.DomainManager_QueryableOnlyLookup">
            <summary>
              Looks up a localized string similar to The &apos;{0}&apos; domain manager does not support &apos;{1}&apos; for looking up data. Please use the &apos;{2}&apos; method instead&apos;..
            </summary>
        </member>
        <member name="P:Microsoft.Azure.Mobile.Server.Properties.TResources.DomainManager_QueryableOnlyQuery">
            <summary>
              Looks up a localized string similar to The &apos;{0}&apos; domain manager does not support &apos;{1}&apos; for querying data. Please use the &apos;{2}&apos; method instead&apos;..
            </summary>
        </member>
        <member name="P:Microsoft.Azure.Mobile.Server.Properties.TResources.ParameterNull">
            <summary>
              Looks up a localized string similar to The &apos;{0}&apos; parameter cannot be null..
            </summary>
        </member>
        <member name="P:Microsoft.Azure.Mobile.Server.Properties.TResources.TableController_CouldNotSetVersion">
            <summary>
              Looks up a localized string similar to Could not set &apos;{0}&apos; value &apos;{1}&apos;..
            </summary>
        </member>
        <member name="P:Microsoft.Azure.Mobile.Server.Properties.TResources.TableController_InvalidIfMatch">
            <summary>
              Looks up a localized string similar to The HTTP If-Match header is invalid: &apos;{0}&apos;. Updating an existing resource requires a single, strong ETag, or a wildcard ETag..
            </summary>
        </member>
        <member name="P:Microsoft.Azure.Mobile.Server.Properties.TResources.TableController_NoDomainManager">
            <summary>
              Looks up a localized string similar to The &apos;{0}&apos; property has not been initialized. Please initialize the property with a &apos;{1}&apos; instance..
            </summary>
        </member>
        <member name="P:Microsoft.Azure.Mobile.Server.Properties.TResources.TableController_NoProperties">
            <summary>
              Looks up a localized string similar to Could not determine the properties for type &apos;{0}&apos;. Inspection failed with error: &apos;{1}&apos;. .
            </summary>
        </member>
        <member name="P:Microsoft.Azure.Mobile.Server.Properties.TResources.TableController_NullRequestBody">
            <summary>
              Looks up a localized string similar to The HTTP request did not include a valid entity body. Please ensure there is an entity body and an associated Content-Type header present in the request..
            </summary>
        </member>
        <member name="P:Microsoft.Azure.Mobile.Server.Properties.TResources.TableKeys_InvalidKey">
            <summary>
              Looks up a localized string similar to The key &apos;{0}&apos; is invalid. It must follow the pattern &apos;k1&apos;,&apos;k2&apos;,&apos;k3&apos;,....
            </summary>
        </member>
        <member name="T:Microsoft.Azure.Mobile.Server.CompositeTableKey">
            <summary>
            A <see cref="T:Microsoft.Azure.Mobile.Server.CompositeTableKey"/> contains one or more keys used to identify a single row in a table.
            The string format of a <see cref="T:Microsoft.Azure.Mobile.Server.CompositeTableKey"/> is a comma separated list (without LWS) of optionally single-quoted terms.
            The terms only have to be quoted if they contain a comma.
            </summary>
        </member>
        <member name="M:Microsoft.Azure.Mobile.Server.CompositeTableKey.#ctor(System.String[])">
            <summary>
            Initialize a new instance of the <see cref="T:Microsoft.Azure.Mobile.Server.CompositeTableKey"/> with a given number of <see cref="T:System.String"/>
            representing an ordered list of segments making up the composite key.
            </summary>
            <param name="segments">The ordered set of <see cref="T:System.String"/> segments making up the composite key.</param>
        </member>
        <member name="P:Microsoft.Azure.Mobile.Server.CompositeTableKey.Segments">
            <summary>
            Gets the ordered <see cref="T:System.Collections.ObjectModel.Collection`1"/> of segments making up the composite key.
            </summary>
        </member>
        <member name="M:Microsoft.Azure.Mobile.Server.CompositeTableKey.Parse(System.String)">
            <summary>
            Parse a string as a <see cref="T:Microsoft.Azure.Mobile.Server.CompositeTableKey"/>. The value has to be a comma separated list (without LWS) of optionally single-quoted terms.
            If the value is not valid then an <see cref="T:System.ArgumentException"/> is thrown.
            </summary>
            <param name="tableKey">The value containing the composite key.</param>
            <returns>A new <see cref="T:Microsoft.Azure.Mobile.Server.CompositeTableKey"/> instance.</returns>
        </member>
        <member name="M:Microsoft.Azure.Mobile.Server.CompositeTableKey.TryParse(System.String,Microsoft.Azure.Mobile.Server.CompositeTableKey@)">
            <summary>
            Attempts creating a new <see cref="T:Microsoft.Azure.Mobile.Server.CompositeTableKey"/> from a given <paramref name="tableKey"/>.
            The return value indicates whether the parsing succeeded.
            </summary>
            <param name="tableKey">The value containing the composite key.</param>
            <param name="compositeTableKey">If the method returns <c>true</c> then <paramref name="compositeTableKey"/> contains the result; otherwise <c>null</c>.</param>
            <returns></returns>
        </member>
        <member name="M:Microsoft.Azure.Mobile.Server.CompositeTableKey.ToString">
            <summary>
            Generates a <see cref="T:System.String"/> representation of the composite key.
            </summary>
            <returns>A <see cref="T:System.String"/> representation of the composite key.</returns>
        </member>
        <member name="T:Microsoft.Azure.Mobile.Server.Tables.Config.MapTableControllersExtensionConfigProvider">
            <summary>
            </summary>
        </member>
        <member name="M:Microsoft.Azure.Mobile.Server.Tables.Config.MapTableControllersExtensionConfigProvider.Initialize(System.Web.Http.HttpConfiguration)">
            <summary>
            </summary>
            <param name="config">HttpConfiguration</param>
        </member>
        <member name="T:Microsoft.Azure.Mobile.Server.Tables.Config.MobileAppTableConfiguration">
            <summary>
            Provides configuration methods for Mobile App controllers that derive from <see cref="T:Microsoft.Azure.Mobile.Server.Tables.TableController"/>.
            </summary>
        </member>
        <member name="M:Microsoft.Azure.Mobile.Server.Tables.Config.MobileAppTableConfiguration.MapTableControllers">
            <summary>
            Maps all controllers that derive from <see cref="T:Microsoft.Azure.Mobile.Server.Tables.TableController" /> to the
            route template "tables/{controller}/{id}".
            </summary>
            <returns>The current <see cref="T:Microsoft.Azure.Mobile.Server.Tables.Config.MobileAppTableConfiguration"/>.</returns>
        </member>
        <member name="T:Microsoft.Azure.Mobile.Server.Tables.DomainManager`1">
            <summary>
            Provides an abstraction for accessing a backend store for a <see cref="T:Microsoft.Azure.Mobile.Server.TableController`1"/>.
            The abstraction can be implemented in one of two ways depending on the capabilities of the backend
            store. Stores that support a <see cref="T:System.Linq.IQueryable`1"/>-based model can implement the <see cref="M:Query"/>
            and <see cref="M:Lookup"/> methods whereas stores that don't support <see cref="T:System.Linq.IQueryable"/> directly
            or where it is not the preferred way of accessing them can implement the <see cref="M:QueryAsync"/> and
            <see cref="M:LookupAsync"/> methods.
            </summary>
            <typeparam name="TData">The data object (DTO) type.</typeparam>
        </member>
        <member name="M:Microsoft.Azure.Mobile.Server.Tables.DomainManager`1.#ctor(System.Net.Http.HttpRequestMessage,System.Boolean)">
            <summary>
            Creates a new instance of <see cref="T:Microsoft.Azure.Mobile.Server.Tables.DomainManager`1"/>
            </summary>
            <param name="request">
            An instance of <see cref="T:System.Net.Http.HttpRequestMessage"/>
            </param>
            <param name="enableSoftDelete">
            Determines whether rows are hard deleted or marked as deleted.
            </param>
        </member>
        <member name="P:Microsoft.Azure.Mobile.Server.Tables.DomainManager`1.Request">
            <summary>
            Instance of <see cref="T:System.Net.Http.HttpRequestMessage"/>
            </summary>
        </member>
        <member name="P:Microsoft.Azure.Mobile.Server.Tables.DomainManager`1.IncludeDeleted">
            <summary>
            Determines whether soft deleted records are included in query results. True by default.
            </summary>
        </member>
        <member name="P:Microsoft.Azure.Mobile.Server.Tables.DomainManager`1.EnableSoftDelete">
            <summary>
            Determines whether rows are hard deleted or marked as deleted. False by default.
            </summary>
        </member>
        <member name="M:Microsoft.Azure.Mobile.Server.Tables.DomainManager`1.UndeleteAsync(System.String,System.Web.Http.OData.Delta{`0})">
            <summary>
            Undeletes and optionally updates a soft deleted item by applying a <see cref="T:System.Web.Http.OData.Delta`1"/> patch to it. The <see cref="T:System.Web.Http.OData.Delta`1"/>
            abstraction keeps track of which properties have changed which avoids problems with default values and
            the like.
            </summary>
            <param name="id">The id of the item to undelete.</param>
            <param name="patch">The patch to apply.</param>
            <returns>The undeleted item.</returns>
        </member>
        <member name="M:Microsoft.Azure.Mobile.Server.Tables.DomainManager`1.Query">
            <summary>
            Builds an <see cref="T:System.Linq.IQueryable`1"/> to be executed against a store supporting <see cref="T:System.Linq.IQueryable`1"/> for querying data.
            </summary>
            <remarks>
            See also <see cref="M:Lookup"/> which is the companion method for creating an <see cref="T:System.Linq.IQueryable`1"/> representing a single item.
            </remarks>
            <returns>An <see cref="T:System.Linq.IQueryable`1"/> which has not yet been executed.</returns>
        </member>
        <member name="M:Microsoft.Azure.Mobile.Server.Tables.DomainManager`1.Lookup(System.String)">
            <summary>
            Builds an <see cref="T:System.Linq.IQueryable`1"/> to be executed against a store supporting <see cref="T:System.Linq.IQueryable`1"/> for looking up a single item.
            </summary>
            <param name="id">The id representing the item. The id is provided as part of the <see cref="T:Microsoft.Azure.Mobile.Server.Tables.ITableData"/> and is visible to the client.
            However, depending on the backend store and the domain model, the particular implementation may map the id to some other form of unique
            identifier.</param>
            <remarks>
            See also <see cref="M:Query"/> which is the companion method for creating an <see cref="T:System.Linq.IQueryable`1"/> representing multiple items.
            </remarks>
            <returns>A <see cref="T:System.Web.Http.SingleResult`1"/> containing the <see cref="T:System.Linq.IQueryable`1"/> which has not yet been executed.</returns>
        </member>
        <member name="M:Microsoft.Azure.Mobile.Server.Tables.DomainManager`1.QueryAsync(System.Web.Http.OData.Query.ODataQueryOptions)">
            <summary>
            Executes the provided <paramref name="query"/> against a store.
            </summary>
            <remarks>
            See also <see cref="M:LookupAsync"/> which is the companion method for executing a lookup for a single item.
            </remarks>
            <param name="query">The <see cref="T:System.Web.Http.OData.Query.ODataQueryOptions"/> query to execute.</param>
            <returns>An <see cref="T:System.Collections.Generic.IEnumerable`1"/> representing the result of the query.</returns>
        </member>
        <member name="M:Microsoft.Azure.Mobile.Server.Tables.DomainManager`1.LookupAsync(System.String)">
            <summary>
            Looks up a single item in the backend store.
            </summary>
            <param name="id">The id representing the item. The id is provided as part of the <see cref="T:Microsoft.Azure.Mobile.Server.Tables.ITableData"/> and is visible to the client.
            However, depending on the backend store and the domain model, the particular implementation may map the id to some other form of unique
            identifier.</param>
            <remarks>
            See also <see cref="M:QueryAsync"/> which is the companion method for executing a query for multiple items.
            </remarks>
            <returns>A <see cref="T:System.Web.Http.SingleResult`1"/> representing the result of the lookup. A <see cref="T:System.Web.Http.SingleResult`1"/> represents an
            <see cref="T:System.Linq.IQueryable"/> containing zero or one entities. This allows it to be composed with further querying such as <c>$select</c>.</returns>
        </member>
        <member name="M:Microsoft.Azure.Mobile.Server.Tables.DomainManager`1.InsertAsync(`0)">
            <summary>
            Inserts an item to the backend store.
            </summary>
            <param name="data">The data to be inserted</param>
            <returns>The inserted item.</returns>
        </member>
        <member name="M:Microsoft.Azure.Mobile.Server.Tables.DomainManager`1.UpdateAsync(System.String,System.Web.Http.OData.Delta{`0})">
            <summary>
            Updates an existing item by applying a <see cref="T:System.Web.Http.OData.Delta`1"/> patch to it. The <see cref="T:System.Web.Http.OData.Delta`1"/>
            abstraction keeps track of which properties have changed which avoids problems with default values and
            the like.
            </summary>
            <param name="id">The id of the item to patch.</param>
            <param name="patch">The patch to apply.</param>
            <returns>The patched item.</returns>
        </member>
        <member name="M:Microsoft.Azure.Mobile.Server.Tables.DomainManager`1.ReplaceAsync(System.String,`0)">
            <summary>
            Completely replaces an existing item.
            </summary>
            <param name="id">The id of the item to replace.</param>
            <param name="data">The replacement</param>
            <returns>The replaced item</returns>
        </member>
        <member name="M:Microsoft.Azure.Mobile.Server.Tables.DomainManager`1.DeleteAsync(System.String)">
            <summary>
            Deletes an existing item
            </summary>
            <param name="id">The id of the item to delete.</param>
            <returns><c>true</c> if item was deleted; otherwise <c>false</c></returns>
        </member>
        <member name="T:Microsoft.Azure.Mobile.Server.Tables.TableController">
            <summary>
            This is the non-generic common base class for table controllers. It is strongly recommended instead using
            the generic version TableController{T} which provides strongly typed support for the
            various table operations.
            </summary>
        </member>
        <member name="T:Microsoft.Azure.Mobile.Server.Tables.TableQueryFilter">
            <summary>
            Filter for table controllers tailoring a query as follows:
            1) Merges the $select query options with any system property selection options.
            2) Adds support for <c>$inlinecount</c> by wrapping the response in a <see cref="T:Microsoft.Azure.Mobile.Server.Tables.QueryResult"/>.
            <remarks>
            For <see cref="T:System.Linq.IQueryable"/> returning actions marked with <see cref="T:System.Web.Http.QueryableAttribute"/>, this filter will 
            "rewrite" the request URL, merging any $select with the system property selection. This ensures that the selection
            is performed in the DB in cases where the <see cref="T:System.Linq.IQueryable"/> is backed by a DB. This minimizes the DB 
            response size.
            </remarks>
            </summary>
        </member>
        <member name="T:Microsoft.Azure.Mobile.Server.Tables.TableControllerConfigAttribute">
            <summary>
            Performs configuration customizations for <see cref="T:Microsoft.Azure.Mobile.Server.TableController`1"/> derived controllers.
            </summary>
        </member>
        <member name="M:Microsoft.Azure.Mobile.Server.Tables.TableControllerConfigAttribute.Initialize(System.Web.Http.Controllers.HttpControllerSettings,System.Web.Http.Controllers.HttpControllerDescriptor)">
            <inheritdoc />
        </member>
        <member name="T:Microsoft.Azure.Mobile.Server.Tables.ITableControllerConfigProvider">
            <summary>
            Provides an abstraction for performing configuration customizations for <see cref="T:Microsoft.Azure.Mobile.Server.TableController`1"/> derived
            controllers. An implementation can be registered via the <see cref="T:System.Web.Http.HttpConfiguration"/>.
            </summary>
        </member>
        <member name="M:Microsoft.Azure.Mobile.Server.Tables.ITableControllerConfigProvider.Configure(System.Web.Http.Controllers.HttpControllerSettings,System.Web.Http.Controllers.HttpControllerDescriptor)">
            <summary>
            Configures the settings specific for controllers of type <see cref="T:Microsoft.Azure.Mobile.Server.TableController`1"/>.
            </summary>
            <param name="controllerSettings">The <see cref="T:System.Web.Http.Controllers.HttpControllerSettings"/> for this controller type.</param>
            <param name="controllerDescriptor">The <see cref="T:System.Web.Http.Controllers.HttpControllerDescriptor"/> for this controller type.</param>
        </member>
        <member name="T:Microsoft.Azure.Mobile.Server.Tables.ITableData">
            <summary>
            The <see cref="T:Microsoft.Azure.Mobile.Server.Tables.ITableData"/> provides an abstraction indicating how the system
            properties for a given table data model are to be serialized when communicating with
            the clients. The uniform serialization of system properties ensures that the clients 
            can process the system properties uniformly across platforms.
            </summary>
        </member>
        <member name="P:Microsoft.Azure.Mobile.Server.Tables.ITableData.Id">
            <summary>
            Gets or sets the unique ID for this entity.
            </summary>
        </member>
        <member name="P:Microsoft.Azure.Mobile.Server.Tables.ITableData.Version">
            <summary>
            Gets or sets the unique version identifier which is updated every time the entity is updated.
            </summary>
        </member>
        <member name="P:Microsoft.Azure.Mobile.Server.Tables.ITableData.CreatedAt">
            <summary>
            Gets or sets the date and time the entity was created.
            </summary>
        </member>
        <member name="P:Microsoft.Azure.Mobile.Server.Tables.ITableData.UpdatedAt">
            <summary>
            Gets or sets the date and time the entity was last modified.
            </summary>
        </member>
        <member name="P:Microsoft.Azure.Mobile.Server.Tables.ITableData.Deleted">
            <summary>
            Gets or sets a value indicating whether the entity has been deleted.
            </summary>
        </member>
        <member name="T:Microsoft.Azure.Mobile.Server.Tables.TableFilterProvider">
            <summary>
            The <see cref="T:Microsoft.Azure.Mobile.Server.Tables.TableFilterProvider"/> registers specialized <see cref="T:System.Web.Http.Filters.IActionFilter"/> instances
            used by the <see cref="T:Microsoft.Azure.Mobile.Server.TableController`1"/>. The filters are registered as part of the custom controller configuration
            which can be configured using the dependency injection engine using the type <see cref="T:Microsoft.Azure.Mobile.Server.Tables.ITableControllerConfigProvider"/>.
            </summary>
        </member>
        <member name="M:Microsoft.Azure.Mobile.Server.Tables.TableFilterProvider.#ctor">
            <summary>
            Initializes a new instance of the <see cref="T:Microsoft.Azure.Mobile.Server.Tables.TableFilterProvider"/> using the default <see cref="T:System.Web.Http.QueryableAttribute"/>
            implementation for executing the query.
            </summary>
        </member>
        <member name="M:Microsoft.Azure.Mobile.Server.Tables.TableFilterProvider.#ctor(System.Web.Http.Filters.IActionFilter)">
            <summary>
            Initializes a new instance of the <see cref="T:Microsoft.Azure.Mobile.Server.Tables.TableFilterProvider"/> using the provided <see cref="T:System.Web.Http.QueryableAttribute"/>
            implementation for executing the query. 
            </summary>
        </member>
        <member name="M:Microsoft.Azure.Mobile.Server.Tables.TableFilterProvider.GetFilters(System.Web.Http.HttpConfiguration,System.Web.Http.Controllers.HttpActionDescriptor)">
            <inheritdoc />
        </member>
        <member name="T:Microsoft.Azure.Mobile.Server.Tables.QueryResult">
            <summary>
            Represents the results of a query request along with the total count of entities 
            identified by the request URI after all $filter system query options have been applied. 
            </summary>
        </member>
        <member name="M:Microsoft.Azure.Mobile.Server.Tables.QueryResult.#ctor(System.Collections.IEnumerable,System.Nullable{System.Int64})">
            <summary>
            Initializes a new instance of the <see cref="T:Microsoft.Azure.Mobile.Server.Tables.QueryResult"/> with a given subset of <paramref name="results"/>
            and optionally a <paramref name="totalCount"/>.
            </summary>
            <param name="results">The subset representing the query result.</param>
            <param name="totalCount">Optionally the total count or elements available.</param>
        </member>
        <member name="P:Microsoft.Azure.Mobile.Server.Tables.QueryResult.Results">
            <summary>
            The results of the query.
            </summary>
        </member>
        <member name="P:Microsoft.Azure.Mobile.Server.Tables.QueryResult.Count">
            <summary>
            The total count of entities identified by the request URI after all $filter 
            system query options have been applied. 
            </summary>
        </member>
        <member name="T:Microsoft.Azure.Mobile.Server.Tables.TableColumnAttribute">
            <summary>
            The <see cref="T:Microsoft.Azure.Mobile.Server.Tables.TableColumnAttribute"/> can be used to annotate data model properties that represent system properties
            used by the <see cref="T:Microsoft.Azure.Mobile.Server.TableController`1"/>. By indicating which columns are the id, version, createdAt, etc. columns,
            the various domain managers can leverage that information to provide the best possible mapping to any particular 
            backend store.
            </summary>
        </member>
        <member name="M:Microsoft.Azure.Mobile.Server.Tables.TableColumnAttribute.#ctor(Microsoft.Azure.Mobile.Server.Tables.TableColumnType)">
            <summary>
            Initializes a new instance of the <see cref="T:Microsoft.Azure.Mobile.Server.Tables.TableColumnAttribute"/> with a given <paramref name="columnType"/>.
            </summary>
            <param name="columnType">The <see cref="T:Microsoft.Azure.Mobile.Server.Tables.TableColumnType"/> for property this attribute is applied to.</param>
        </member>
        <member name="P:Microsoft.Azure.Mobile.Server.Tables.TableColumnAttribute.ColumnType">
            <summary>
            The <see cref="T:Microsoft.Azure.Mobile.Server.Tables.TableColumnType"/> for property this attribute is applied to.
            </summary>
        </member>
        <member name="P:Microsoft.Azure.Mobile.Server.Tables.TableColumnAttribute.TableColumnAnnotation">
            <summary>
            When registering the <see cref="T:Microsoft.Azure.Mobile.Server.Tables.TableColumnAttribute"/> with Entity Framework using a model builder
            code first convention, use this name as the table column annotation name. See 
            <c>https://entityframework.codeplex.com/wikipage?title=Code%20First%20Annotations</c> for more 
            information about Entity Framework code first conventions and code annotations.
            </summary>
        </member>
        <member name="T:Microsoft.Azure.Mobile.Server.Tables.TableColumnType">
            <summary>
            Provides an indication of type of table column a given property is. The <see cref="T:Microsoft.Azure.Mobile.Server.Tables.TableColumnType"/> is used 
            in connection with the <see cref="T:Microsoft.Azure.Mobile.Server.Tables.TableControllerConfigAttribute"/> which can be used to decorate a data type.
            </summary>
        </member>
        <member name="F:Microsoft.Azure.Mobile.Server.Tables.TableColumnType.None">
            <summary>
            Not a table column
            </summary>
        </member>
        <member name="F:Microsoft.Azure.Mobile.Server.Tables.TableColumnType.Id">
            <summary>
            Represents a unique ID property.
            </summary>
        </member>
        <member name="F:Microsoft.Azure.Mobile.Server.Tables.TableColumnType.Version">
            <summary>
            Represents a unique version identifier property which is updated every time the entity is updated.
            </summary>
        </member>
        <member name="F:Microsoft.Azure.Mobile.Server.Tables.TableColumnType.CreatedAt">
            <summary>
            Represents the date and time the entity was created.
            </summary>
        </member>
        <member name="F:Microsoft.Azure.Mobile.Server.Tables.TableColumnType.UpdatedAt">
            <summary>
            Represents the date and time the entity was last modified.
            </summary>
        </member>
        <member name="F:Microsoft.Azure.Mobile.Server.Tables.TableColumnType.Deleted">
            <summary>
            Represents a value indicating whether the entity has been deleted.
            </summary>
        </member>
        <member name="T:Microsoft.Azure.Mobile.Server.Tables.TableControllerConfigProvider">
            <summary>
            Customizes settings for <see cref="T:Microsoft.Azure.Mobile.Server.TableController`1"/> derived controllers.
            </summary>
        </member>
        <member name="M:Microsoft.Azure.Mobile.Server.Tables.TableControllerConfigProvider.Configure(System.Web.Http.Controllers.HttpControllerSettings,System.Web.Http.Controllers.HttpControllerDescriptor)">
            <inheritdoc />
        </member>
        <member name="T:Microsoft.Azure.Mobile.Server.Tables.IDomainManager`1">
            <summary>
            Provides an abstraction for accessing a backend store for a <see cref="T:Microsoft.Azure.Mobile.Server.TableController`1"/>.
            The abstraction can be implemented in one of two ways depending on the capabilities of the backend
            store. Stores that support a <see cref="T:System.Linq.IQueryable`1"/>-based model can implement the <see cref="M:Query"/>
            and <see cref="M:Lookup"/> methods whereas stores that don't support <see cref="T:System.Linq.IQueryable"/> directly
            or where it is not the preferred way of accessing them can implement the <see cref="M:QueryAsync"/> and
            <see cref="M:LookupAsync"/> methods.
            </summary>
            <typeparam name="TData"></typeparam>
        </member>
        <member name="M:Microsoft.Azure.Mobile.Server.Tables.IDomainManager`1.Query">
            <summary>
            Builds an <see cref="T:System.Linq.IQueryable`1"/> to be executed against a store supporting <see cref="T:System.Linq.IQueryable`1"/> for querying data. 
            </summary>
            <remarks>
            See also <see cref="M:Lookup"/> which is the companion method for creating an <see cref="T:System.Linq.IQueryable`1"/> representing a single item.
            </remarks>
            <returns>An <see cref="T:System.Linq.IQueryable`1"/> which has not yet been executed.</returns>
        </member>
        <member name="M:Microsoft.Azure.Mobile.Server.Tables.IDomainManager`1.Lookup(System.String)">
            <summary>
            Builds an <see cref="T:System.Linq.IQueryable`1"/> to be executed against a store supporting <see cref="T:System.Linq.IQueryable`1"/> for looking up a single item.
            </summary>
            <param name="id">The id representing the item. The id is provided as part of the <see cref="T:Microsoft.Azure.Mobile.Server.Tables.ITableData"/> and is visible to the client. 
            However, depending on the backend store and the domain model, the particular implementation may map the id to some other form of unique 
            identifier.</param>
            <remarks>
            See also <see cref="M:Query"/> which is the companion method for creating an <see cref="T:System.Linq.IQueryable`1"/> representing multiple items.
            </remarks>
            <returns>A <see cref="T:System.Web.Http.SingleResult`1"/> containing the <see cref="T:System.Linq.IQueryable`1"/> which has not yet been executed.</returns>
        </member>
        <member name="M:Microsoft.Azure.Mobile.Server.Tables.IDomainManager`1.QueryAsync(System.Web.Http.OData.Query.ODataQueryOptions)">
            <summary>
            Executes the provided <paramref name="query"/> against a store.
            </summary>
            <remarks>
            See also <see cref="M:LookupAsync"/> which is the companion method for executing a lookup for a single item.
            </remarks>
            <param name="query">The <see cref="T:System.Web.Http.OData.Query.ODataQueryOptions"/> query to execute.</param>
            <returns>An <see cref="T:System.Collections.Generic.IEnumerable`1"/> representing the result of the query.</returns>
        </member>
        <member name="M:Microsoft.Azure.Mobile.Server.Tables.IDomainManager`1.LookupAsync(System.String)">
            <summary>
            Looks up a single item in the backend store. 
            </summary>
            <param name="id">The id representing the item. The id is provided as part of the <see cref="T:Microsoft.Azure.Mobile.Server.Tables.ITableData"/> and is visible to the client. 
            However, depending on the backend store and the domain model, the particular implementation may map the id to some other form of unique 
            identifier.</param>
            <remarks>
            See also <see cref="M:QueryAsync"/> which is the companion method for executing a query for multiple items.
            </remarks>
            <returns>A <see cref="T:System.Web.Http.SingleResult`1"/> representing the result of the lookup. A <see cref="T:System.Web.Http.SingleResult`1"/> represents an 
            <see cref="T:System.Linq.IQueryable"/> containing zero or one entities. This allows it to be composed with further querying such as <c>$select</c>.</returns>
        </member>
        <member name="M:Microsoft.Azure.Mobile.Server.Tables.IDomainManager`1.InsertAsync(`0)">
            <summary>
            Inserts an item to the backend store.
            </summary>
            <param name="data">The data to be inserted</param>
            <returns>The inserted item.</returns>
        </member>
        <member name="M:Microsoft.Azure.Mobile.Server.Tables.IDomainManager`1.UpdateAsync(System.String,System.Web.Http.OData.Delta{`0})">
            <summary>
            Updates an existing item by applying a <see cref="T:System.Web.Http.OData.Delta`1"/> patch to it. The <see cref="T:System.Web.Http.OData.Delta`1"/>
            abstraction keeps track of which properties have changed which avoids problems with default values and
            the like.
            </summary>
            <param name="id">The id of the item to patch.</param>
            <param name="patch">The patch to apply.</param>
            <returns>The patched item.</returns>
        </member>
        <member name="M:Microsoft.Azure.Mobile.Server.Tables.IDomainManager`1.ReplaceAsync(System.String,`0)">
            <summary>
            Completely replaces an existing item.
            </summary>
            <param name="id">The id of the item to replace.</param>
            <param name="data">The replacement</param>       
            <returns>The replaced item</returns>
        </member>
        <member name="M:Microsoft.Azure.Mobile.Server.Tables.IDomainManager`1.DeleteAsync(System.String)">
            <summary>
            Deletes an existing item
            </summary>
            <param name="id">The id of the item to delete.</param>
            <returns><c>true</c> if item was deleted; otherwise <c>false</c></returns>
        </member>
        <member name="T:Microsoft.Azure.Mobile.Server.Tables.TableUtils">
            <summary>
            Provides various utilities and helper methods for table related features.
            </summary>
        </member>
        <member name="P:Microsoft.Azure.Mobile.Server.Tables.TableUtils.VersionPropertyName">
            <summary>
            Gets the <c>Version</c> property name.
            </summary>
        </member>
        <member name="P:Microsoft.Azure.Mobile.Server.Tables.TableUtils.DeletedPropertyName">
            <summary>
            Gets the <c>Deleted</c> property name.
            </summary>
        </member>
        <member name="P:Microsoft.Azure.Mobile.Server.Tables.TableUtils.PageSize">
            <summary>
            Gets the max number of records that will get returned in a query result.
            </summary>
        </member>
        <member name="M:Microsoft.Azure.Mobile.Server.Tables.TableUtils.ApplyDeletedFilter``1(System.Linq.IQueryable{``0},System.Boolean)">
            <summary>
            Applies the filter on deleted records if <paramref name="includeDeleted"/> is true.
            </summary>
            <typeparam name="TData">The type of data</typeparam>
            <param name="query">The query to filter</param>
            <param name="includeDeleted">Whether filer is set</param>
            <returns></returns>
        </member>
        <member name="M:Microsoft.Azure.Mobile.Server.Tables.TableUtils.GetResultSize(System.Web.Http.OData.Query.ODataQueryOptions,System.Web.Http.OData.Query.ODataQuerySettings)">
            <summary>
            Gets the effective query result size meaning the max number of elements to include in a single query result
            based on the page size and top parameters in the <paramref name="query"/> <paramref name="settings"/>.
            </summary>
            <returns>The effective page size for the given query.</returns>
        </member>
        <member name="M:Microsoft.Azure.Mobile.Server.Tables.TableUtils.GetQueryableOnlyQueryException(System.Type,System.String)">
            <summary>
            Gets a <see cref="T:System.NotImplementedException"/> indicating that a given <see cref="T:Microsoft.Azure.Mobile.Server.Tables.IDomainManager`1"/> only supports
            <see cref="T:System.Linq.IQueryable`1"/> based querying.
            </summary>
            <param name="domainManagerType">The type of <see cref="T:Microsoft.Azure.Mobile.Server.Tables.IDomainManager`1"/>.</param>
            <param name="method">The method name which is not supports.</param>
            <returns>A new <see cref="T:System.NotImplementedException"/>.</returns>
        </member>
        <member name="M:Microsoft.Azure.Mobile.Server.Tables.TableUtils.GetNoQueryableQueryException(System.Type,System.String)">
            <summary>
            Gets a <see cref="T:System.NotImplementedException"/> indicating that a given <see cref="T:Microsoft.Azure.Mobile.Server.Tables.IDomainManager`1"/> does not support
            <see cref="T:System.Linq.IQueryable`1"/> based querying.
            </summary>
            <param name="domainManagerType">The type of <see cref="T:Microsoft.Azure.Mobile.Server.Tables.IDomainManager`1"/>.</param>
            <param name="method">The method name which is not supports.</param>
            <returns>A new <see cref="T:System.NotImplementedException"/>.</returns>
        </member>
        <member name="M:Microsoft.Azure.Mobile.Server.Tables.TableUtils.GetQueryableOnlyLookupException(System.Type,System.String)">
            <summary>
            Gets a <see cref="T:System.NotImplementedException"/> indicating that a given <see cref="T:Microsoft.Azure.Mobile.Server.Tables.IDomainManager`1"/> only supports
            <see cref="T:System.Linq.IQueryable`1"/> based lookup operations.
            </summary>
            <param name="domainManagerType">The type of <see cref="T:Microsoft.Azure.Mobile.Server.Tables.IDomainManager`1"/>.</param>
            <param name="method">The method name which is not supports.</param>
            <returns>A new <see cref="T:System.NotImplementedException"/>.</returns>
        </member>
        <member name="M:Microsoft.Azure.Mobile.Server.Tables.TableUtils.GetNoQueryableLookupException(System.Type,System.String)">
            <summary>
            Gets a <see cref="T:System.NotImplementedException"/> indicating that a given <see cref="T:Microsoft.Azure.Mobile.Server.Tables.IDomainManager`1"/> does not support
            <see cref="T:System.Linq.IQueryable`1"/> based lookup operations.
            </summary>
            <param name="domainManagerType">The type of <see cref="T:Microsoft.Azure.Mobile.Server.Tables.IDomainManager`1"/>.</param>
            <param name="method">The method name which is not supports.</param>
            <returns>A new <see cref="T:System.NotImplementedException"/>.</returns>
        </member>
        <member name="T:Microsoft.Azure.Mobile.Server.Config.TableMobileAppExtensionConfig">
            <summary>
            </summary>
        </member>
        <member name="M:Microsoft.Azure.Mobile.Server.Config.TableMobileAppExtensionConfig.#ctor(Microsoft.Azure.Mobile.Server.Tables.ITableControllerConfigProvider)">
            <summary>
            </summary>
            <param name="provider"></param>
        </member>
        <member name="M:Microsoft.Azure.Mobile.Server.Config.TableMobileAppExtensionConfig.Initialize(System.Web.Http.HttpConfiguration)">
            <summary>
            </summary>
            <param name="config"></param>
        </member>
        <member name="T:Microsoft.Azure.Mobile.Server.Config.TableMobileAppOptionsExtensions">
            <summary>
            Extension methods for <see cref="T:Microsoft.Azure.Mobile.Server.Config.MobileAppConfiguration"/>.
            </summary>
        </member>
        <member name="M:Microsoft.Azure.Mobile.Server.Config.TableMobileAppOptionsExtensions.WithTableControllerConfigProvider(Microsoft.Azure.Mobile.Server.Config.MobileAppConfiguration,Microsoft.Azure.Mobile.Server.Tables.ITableControllerConfigProvider)">
            <summary>
            Registers the specified <see cref="T:Microsoft.Azure.Mobile.Server.Tables.ITableControllerConfigProvider" /> with the <see cref="T:System.Web.Http.HttpConfiguration"/>.
            Use this to override the default <see cref="T:Microsoft.Azure.Mobile.Server.Tables.TableController"/> configuration.
            </summary>
            <param name="options">The configuration object.</param>
            <param name="tableConfigProvider">The provider to register.</param>
            <returns>The current <see cref="T:Microsoft.Azure.Mobile.Server.Config.MobileAppConfiguration"/>.</returns>
        </member>
        <member name="M:Microsoft.Azure.Mobile.Server.Config.TableMobileAppOptionsExtensions.AddTables(Microsoft.Azure.Mobile.Server.Config.MobileAppConfiguration)">
            <summary>
            Registers a new <see cref="T:Microsoft.Azure.Mobile.Server.Tables.Config.MobileAppTableConfiguration" /> that maps a route for all controllers that derive from <see cref="T:Microsoft.Azure.Mobile.Server.Tables.TableController"/>.
            </summary>
            <param name="config">The configuration object.</param>
            <returns>The current <see cref="T:Microsoft.Azure.Mobile.Server.Config.MobileAppConfiguration"/>.</returns>
        </member>
        <member name="M:Microsoft.Azure.Mobile.Server.Config.TableMobileAppOptionsExtensions.AddTables(Microsoft.Azure.Mobile.Server.Config.MobileAppConfiguration,Microsoft.Azure.Mobile.Server.Tables.Config.MobileAppTableConfiguration)">
            <summary>
            Registers the specified <see cref="T:Microsoft.Azure.Mobile.Server.Tables.Config.MobileAppTableConfiguration"/>.
            </summary>
            <param name="config">The configuration object.</param>
            <param name="tableConfig"></param>
            <returns>The current <see cref="T:Microsoft.Azure.Mobile.Server.Config.MobileAppConfiguration"/>.</returns>
        </member>
        <member name="T:Microsoft.Azure.Mobile.Server.Serialization.TableContractResolver">
            <summary>
            This class implements an <see cref="T:Newtonsoft.Json.Serialization.IContractResolver"/> to provide support for deserialization of the <see cref="T:System.Web.Http.OData.Delta`1"/> type
            using JSON.NET. 
            </summary>
            <remarks>
            The contract created for <see cref="T:System.Web.Http.OData.Delta`1"/> will deserialize properties using the types and property names of the 
            underlying type. The <see cref="T:Newtonsoft.Json.Serialization.JsonProperty"/> instances are copied from the underlying type's <see cref="T:Newtonsoft.Json.Serialization.JsonContract"/> and 
            customized to work with a dynamic object. In particular, a custom <see cref="T:Newtonsoft.Json.Serialization.IValueProvider"/> is used to get and set 
            values using the contract of <see cref="T:System.Dynamic.DynamicObject"/>, which <see cref="T:System.Web.Http.OData.Delta`1"/> inherits from.
            </remarks>
        </member>
        <member name="M:Microsoft.Azure.Mobile.Server.Serialization.TableContractResolver.#ctor(System.Net.Http.Formatting.MediaTypeFormatter)">
            <summary>
            Initializes a new instance of the <see cref="T:Microsoft.Azure.Mobile.Server.Serialization.TableContractResolver"/> class with a given <paramref name="formatter"/>.
            </summary>
            <param name="formatter">The <see cref="T:System.Net.Http.Formatting.MediaTypeFormatter"/> that this <see cref="T:Microsoft.Azure.Mobile.Server.Serialization.TableContractResolver"/> is
            associated with.</param>
        </member>
        <member name="M:Microsoft.Azure.Mobile.Server.Serialization.TableContractResolver.CreateContract(System.Type)">
            <summary>
            Gets the contract for a given type. The type <see cref="T:System.Web.Http.OData.Delta`1"/> is treated specially
            whereas all other types are handled by the base class. 
            </summary>
            <param name="objectType">The type to get the contract for.</param>
            <returns>A <see cref="T:Newtonsoft.Json.Serialization.JsonContract"/> for the given type.</returns>
        </member>
        <member name="M:Microsoft.Azure.Mobile.Server.Serialization.TableContractResolver.GetDeltaContract(System.Type)">
            <summary>
            Creates a contract for a type of <see cref="T:System.Web.Http.OData.Delta`1"/>.
            </summary>
            <param name="objectType">The type to provide a contract for.</param>
            <returns>A <see cref="T:Newtonsoft.Json.Serialization.JsonContract"/> for the given type.</returns>
        </member>
        <member name="T:Microsoft.Azure.Mobile.Server.Internal.ConcurrentHashset`1">
            <summary>
            A <see cref="T:System.Collections.Generic.HashSet`1"/> collection implementation with a protective lock for concurrent access. 
            </summary>
            <typeparam name="T">The type of elements in the hash set.</typeparam>
        </member>
        <member name="T:Microsoft.Azure.Mobile.Server.TableController`1">
            <summary>
            Provides a common <see cref="T:System.Web.Http.ApiController"/> abstraction for Table Controllers.
            </summary>
            <typeparam name="TData">The type of the entity.</typeparam>
        </member>
        <member name="M:Microsoft.Azure.Mobile.Server.TableController`1.#ctor">
            <summary>
            Initializes a new instance of the <see cref="T:Microsoft.Azure.Mobile.Server.TableController`1"/> class.
            </summary>
        </member>
        <member name="M:Microsoft.Azure.Mobile.Server.TableController`1.#ctor(Microsoft.Azure.Mobile.Server.Tables.IDomainManager{`0})">
            <summary>
            Initializes a new instance of the <see cref="T:Microsoft.Azure.Mobile.Server.TableController`1"/> class
            with a given <paramref name="domainManager"/>.
            </summary>
            <param name="domainManager">The <see cref="T:Microsoft.Azure.Mobile.Server.Tables.IDomainManager`1"/> for this controller.</param>
        </member>
        <member name="P:Microsoft.Azure.Mobile.Server.TableController`1.DomainManager">
            <summary>
            Gets or sets the <see cref="T:Microsoft.Azure.Mobile.Server.Tables.IDomainManager`1"/> to be used for accessing the backend store.
            </summary>
        </member>
        <member name="M:Microsoft.Azure.Mobile.Server.TableController`1.Initialize(System.Web.Http.Controllers.HttpControllerContext)">
            <inheritdoc />
        </member>
        <member name="M:Microsoft.Azure.Mobile.Server.TableController`1.Query">
            <summary>
            Provides a helper method for querying a backend store. It deals with any exceptions thrown by the <see cref="T:Microsoft.Azure.Mobile.Server.Tables.IDomainManager`1"/>
            and maps them into appropriate HTTP responses.
            </summary>
            <returns>An <see cref="T:System.Linq.IQueryable`1"/> returned by the <see cref="T:Microsoft.Azure.Mobile.Server.Tables.IDomainManager`1"/>.</returns>
        </member>
        <member name="M:Microsoft.Azure.Mobile.Server.TableController`1.QueryAsync(System.Web.Http.OData.Query.ODataQueryOptions)">
            <summary>
            Provides a helper method for querying a backend store. It deals with any exceptions thrown by the <see cref="T:Microsoft.Azure.Mobile.Server.Tables.IDomainManager`1"/>
            and maps them into appropriate HTTP responses.
            </summary>
            <returns>An <see cref="T:System.Linq.IQueryable`1"/> returned by the <see cref="T:Microsoft.Azure.Mobile.Server.Tables.IDomainManager`1"/>.</returns>
        </member>
        <member name="M:Microsoft.Azure.Mobile.Server.TableController`1.Lookup(System.String)">
            <summary>
            Provides a helper method for looking up an entity in a backend store. It deals with any exceptions thrown by the <see cref="T:Microsoft.Azure.Mobile.Server.Tables.IDomainManager`1"/>
            and maps them into appropriate HTTP responses.
            </summary>
            <returns>An <see cref="T:System.Web.Http.SingleResult`1"/> returned by the <see cref="T:Microsoft.Azure.Mobile.Server.Tables.IDomainManager`1"/>.</returns>
        </member>
        <member name="M:Microsoft.Azure.Mobile.Server.TableController`1.LookupAsync(System.String)">
            <summary>
            Provides a helper method for looking up an entity in a backend store. It deals with any exceptions thrown by the <see cref="T:Microsoft.Azure.Mobile.Server.Tables.IDomainManager`1"/>
            and maps them into appropriate HTTP responses.
            </summary>
            <returns>An <see cref="T:System.Web.Http.SingleResult`1"/> returned by the <see cref="T:Microsoft.Azure.Mobile.Server.Tables.IDomainManager`1"/>.</returns>
        </member>
        <member name="M:Microsoft.Azure.Mobile.Server.TableController`1.InsertAsync(`0)">
            <summary>
            Provides a helper method for inserting an entity into a backend store. It deals with any model validation errors as well as
            exceptions thrown by the <see cref="T:Microsoft.Azure.Mobile.Server.Tables.IDomainManager`1"/> and maps them into appropriate HTTP responses.
            </summary>
            <returns>A <see cref="T:System.Threading.Tasks.Task`1"/> representing the insert operation executed by the the <see cref="T:Microsoft.Azure.Mobile.Server.Tables.IDomainManager`1"/>.</returns>
        </member>
        <member name="M:Microsoft.Azure.Mobile.Server.TableController`1.UpdateAsync(System.String,System.Web.Http.OData.Delta{`0})">
            <summary>
            Provides a helper method for updating an entity in a backend store. It deals with any model validation errors as well as
            exceptions thrown by the <see cref="T:Microsoft.Azure.Mobile.Server.Tables.IDomainManager`1"/> and maps them into appropriate HTTP responses.
            </summary>
            <returns>A <see cref="T:System.Threading.Tasks.Task`1"/> representing the update operation executed by the the <see cref="T:Microsoft.Azure.Mobile.Server.Tables.IDomainManager`1"/>.</returns>
        </member>
        <member name="M:Microsoft.Azure.Mobile.Server.TableController`1.UndeleteAsync(System.String)">
            <summary>
            Provides a helper method for undeleting an entity in a backend store. It deals with any model validation errors as well as
            exceptions thrown by the <see cref="T:Microsoft.Azure.Mobile.Server.Tables.IDomainManager`1"/> and maps them into appropriate HTTP responses.
            </summary>
            <returns>A <see cref="T:System.Threading.Tasks.Task`1"/> representing the update operation executed by the the <see cref="T:Microsoft.Azure.Mobile.Server.Tables.IDomainManager`1"/>.</returns>
        </member>
        <member name="M:Microsoft.Azure.Mobile.Server.TableController`1.UndeleteAsync(System.String,System.Web.Http.OData.Delta{`0})">
            <summary>
            Provides a helper method for undeleting an entity in a backend store. It deals with any model validation errors as well as
            exceptions thrown by the <see cref="T:Microsoft.Azure.Mobile.Server.Tables.IDomainManager`1"/> and maps them into appropriate HTTP responses.
            </summary>
            <returns>A <see cref="T:System.Threading.Tasks.Task`1"/> representing the undelete operation executed by the the <see cref="T:Microsoft.Azure.Mobile.Server.Tables.IDomainManager`1"/>.</returns>
        </member>
        <member name="M:Microsoft.Azure.Mobile.Server.TableController`1.ReplaceAsync(System.String,`0)">
            <summary>
            Provides a helper method for replacing an entity in a backend store. It deals with any model validation errors as well as
            exceptions thrown by the <see cref="T:Microsoft.Azure.Mobile.Server.Tables.IDomainManager`1"/> and maps them into appropriate HTTP responses.
            </summary>
            <returns>A <see cref="T:System.Threading.Tasks.Task`1"/> representing the replace operation executed by the the <see cref="T:Microsoft.Azure.Mobile.Server.Tables.IDomainManager`1"/>.</returns>
        </member>
        <member name="M:Microsoft.Azure.Mobile.Server.TableController`1.DeleteAsync(System.String)">
            <summary>
            Provides a helper method for deleting an entity from a backend store. It deals with any
            exceptions thrown by the <see cref="T:Microsoft.Azure.Mobile.Server.Tables.IDomainManager`1"/> and maps them into appropriate HTTP responses.
            </summary>
            <returns>A <see cref="T:System.Threading.Tasks.Task`1"/> representing the delete operation executed by the the <see cref="T:Microsoft.Azure.Mobile.Server.Tables.IDomainManager`1"/>.</returns>
        </member>
        <member name="T:Microsoft.Azure.Mobile.HttpHeaderUtils">
            <summary>
            Utility class for various HTTP header manipulations
            </summary>
        </member>
        <member name="M:Microsoft.Azure.Mobile.HttpHeaderUtils.IsTokenChar(System.Char)">
            <summary>
            Checks whether the given character is a valid HTTP header token character.
            </summary>
            <param name="character">The character to check.</param>
            <returns>true if the character is a token character.</returns>
        </member>
        <member name="M:Microsoft.Azure.Mobile.HttpHeaderUtils.ValidateToken(System.String)">
            <summary>
            Validates whether a given <paramref name="token"/> is a valid HTTP header token.
            </summary>
            <param name="token">The <see cref="T:System.String"/> to validate.</param>
        </member>
        <member name="M:Microsoft.Azure.Mobile.HttpHeaderUtils.GetQuotedString(System.String)">
            <summary>
            Creates a quoted string (starting and ending with '"').
            </summary>
            <remarks>This method does not validate whether there are additional quotes ('"') within the string. It only
            checks whether the string starts and ends with a quote, and if not then quotes it.</remarks>
            <param name="value">The string to quote.</param>
            <returns>The quoted string</returns>
        </member>
        <member name="M:Microsoft.Azure.Mobile.HttpHeaderUtils.GetUnquotedString(System.String)">
            <summary>
            Removes a quote pair from a string if present.
            </summary>
            <param name="value">The string to unquote.</param>
            <returns>The unquoted string.</returns>
        </member>
        <member name="T:Microsoft.Azure.Mobile.ServiceLogCategories">
            <summary>
            Category names traced by the service infrastructure. By separating it out from the default Web API 
            categories and from other user categories it is possible to filter them out in the tracing
            logic.
            </summary>
        </member>
        <member name="T:Microsoft.Azure.Mobile.StringUtils">
            <summary>
            Provides various string utilities.
            </summary>
        </member>
        <member name="M:Microsoft.Azure.Mobile.StringUtils.ToCamelCase(System.String)">
            <summary>
            Converts a string to a camel case representation, e.g. <c>thisIsCamelCasing</c> with
            an initial lower case character.
            </summary>
            <param name="value">The string to convert.</param>
            <returns>The camel cased string; or the original string if no modifications were necessary.</returns>
        </member>
        <member name="M:Microsoft.Azure.Mobile.StringUtils.ToPascalCase(System.String)">
            <summary>
            Converts a string to a Pascal case representation, e.g. <c>ThisIsPascalCasing</c> with 
            an initial upper case character.
            </summary>
            <param name="value">The string to convert.</param>
            <returns>The Pascal cased string; or the original string if no modifications were necessary.</returns>
        </member>
        <member name="M:Microsoft.Azure.Mobile.TypeUtils.IsType``1(System.Type)">
            <summary>
            Checks whether <paramref name="type"/> is of type <typeparamref name="T"/>.
            </summary>
            <typeparam name="T">The type to test against</typeparam>
            <param name="type">The type to test.</param>
            <returns><c>true</c> if the type is of type <typeparamref name="T"/>.</returns>
        </member>
        <member name="M:Microsoft.Azure.Mobile.TypeUtils.GetTypes(System.Collections.Generic.IEnumerable{System.Runtime.InteropServices._Assembly},System.Predicate{System.Type})">
            <summary>
            Finds types matching the <paramref name="predicate"/> in a given set of <paramref name="assemblies"/>.
            </summary>
            <param name="assemblies">The assemblies to look through.</param>
            <param name="predicate">The predicate to apply to the search.</param>
            <returns>An <see cref="T:System.Collections.Generic.ICollection`1"/> of types found.</returns>
        </member>
        <member name="M:Microsoft.Azure.Mobile.TypeUtils.CreateInvoker``1(System.Type,System.Reflection.MethodInfo)">
            <summary>
            Creates a Linq expression for invoking a method with a given <typeparamref name="TReturn"/> return type but 
            no parameters on a given type.
            </summary>
            <param name="instanceType">The instance type containing the method to invoke.</param>
            <param name="method">The <see cref="T:System.Reflection.MethodInfo"/> which is to be invoked.</param>
            <returns>A delegate which can be used to invoke the method given a type instance.</returns>
        </member>
        <member name="T:System.Collections.Generic.DictionaryExtensions">
            <summary>
            Extension methods for <see cref="T:System.Collections.Generic.IDictionary`2"/>.
            </summary>
        </member>
        <member name="M:System.Collections.Generic.DictionaryExtensions.TryGetValue``1(System.Collections.Generic.IDictionary{System.Object,System.Object},System.Object,``0@)">
            <summary>
            Gets the value of <typeparamref name="TValue"/> with the given key, or the <c>default</c> value 
            if the key is not present or the value is not of type <typeparamref name="TValue"/>. 
            </summary>
            <typeparam name="TValue">The type of the value.</typeparam>
            <param name="dictionary">The <see cref="T:System.Collections.Generic.IDictionary`2"/> instance where both <c>TKey</c> and <c>TValue</c> are of type <see cref="T:System.Object"/>.</param>
            <param name="key">The key whose value to get.</param>
            <param name="value">When this method returns, the value with the specified key if found; otherwise the default value.</param>
            <returns><c>true</c> if key was found and value is of type <typeparamref name="TValue"/> and non-null; otherwise false.</returns>
        </member>
        <member name="M:System.Collections.Generic.DictionaryExtensions.GetValueOrDefault``1(System.Collections.Generic.IDictionary{System.Object,System.Object},System.Object)">
            <summary>
            Gets the value of <typeparamref name="TValue"/> with the given key, or the <c>default</c> value 
            if the key is not present or the value is not of type <typeparamref name="TValue"/>. 
            </summary>
            <typeparam name="TValue">The type of the value.</typeparam>
            <param name="dictionary">The <see cref="T:System.Collections.Generic.IDictionary`2"/> instance where both <c>TKey</c> and <c>TValue</c> are of type <see cref="T:System.Object"/>.</param>
            <param name="key">The key whose value to get.</param>
            <returns>the value with the specified key if found; otherwise the default value.</returns>
        </member>
        <member name="M:System.Collections.Generic.DictionaryExtensions.TryGetValue``1(System.Collections.Generic.IDictionary{System.String,System.Object},System.String,``0@)">
            <summary>
            Gets the value of <typeparamref name="TValue"/> with the given key, or the <c>default</c> value 
            if the key is not present or the value is not of type <typeparamref name="TValue"/>. 
            </summary>
            <typeparam name="TValue">The type of the value.</typeparam>
            <param name="dictionary">The <see cref="T:System.Collections.Generic.IDictionary`2"/> instance <c>TKey</c> is of type <see cref="T:System.String"/> and <c>TValue</c> of type <see cref="T:System.Object"/>.</param>
            <param name="key">The key whose value to get.</param>
            <param name="value">When this method returns, the value with the specified key if found; otherwise the default value.</param>
            <returns><c>true</c> if key was found and value is of type <typeparamref name="TValue"/> and non-null; otherwise false.</returns>
        </member>
        <member name="M:System.Collections.Generic.DictionaryExtensions.GetValueOrDefault``1(System.Collections.Generic.IDictionary{System.String,System.Object},System.String)">
            <summary>
            Gets the value of <typeparamref name="TValue"/> with the given key, or the <c>default</c> value 
            if the key is not present or the value is not of type <typeparamref name="TValue"/>. 
            </summary>
            <typeparam name="TValue">The type of the value.</typeparam>
            <param name="dictionary">The <see cref="T:System.Collections.Generic.IDictionary`2"/> instance <c>TKey</c> is of type <see cref="T:System.String"/> and <c>TValue</c> of type <see cref="T:System.Object"/>.</param>
            <param name="key">The key whose value to get.</param>
            <returns>the value with the specified key if found; otherwise the default value.</returns>
        </member>
        <member name="M:System.Collections.Generic.DictionaryExtensions.TryGetValue``1(System.Collections.Generic.IDictionary{System.Type,System.Object},System.Type,``0@)">
            <summary>
            Gets the value of <typeparamref name="TValue"/> with the given key, or the <c>default</c> value 
            if the key is not present or the value is not of type <typeparamref name="TValue"/>. 
            </summary>
            <typeparam name="TValue">The type of the value.</typeparam>
            <param name="dictionary">The <see cref="T:System.Collections.Generic.IDictionary`2"/> instance <c>TKey</c> is of type <see cref="T:System.Type"/> and <c>TValue</c> of type <see cref="T:System.Object"/>.</param>
            <param name="key">The key whose value to get.</param>
            <param name="value">When this method returns, the value with the specified key if found; otherwise the default value.</param>
            <returns><c>true</c> if key was found and value is of type <typeparamref name="TValue"/> and non-null; otherwise false.</returns>
        </member>
        <member name="M:System.Collections.Generic.DictionaryExtensions.GetValueOrDefault``1(System.Collections.Generic.IDictionary{System.Type,System.Object},System.Type)">
            <summary>
            Gets the value of <typeparamref name="TValue"/> with the given key, or the <c>default</c> value 
            if the key is not present or the value is not of type <typeparamref name="TValue"/>. 
            </summary>
            <typeparam name="TValue">The type of the value.</typeparam>
            <param name="dictionary">The <see cref="T:System.Collections.Generic.IDictionary`2"/> instance <c>TKey</c> is of type <see cref="T:System.Type"/> and <c>TValue</c> of type <see cref="T:System.Object"/>.</param>
            <param name="key">The key whose value to get.</param>
            <returns>the value with the specified key if found; otherwise the default value.</returns>
        </member>
        <member name="M:System.Collections.Generic.DictionaryExtensions.SetOrClearValue``1(System.Collections.Generic.IDictionary{System.String,System.Object},System.String,``0)">
            <summary>
            Sets the entry with the given key to the given value. If value is the default value
            then the entry is removed.
            </summary>
            <typeparam name="T">Type of value to be set or cleared.</typeparam>
            <param name="dictionary">The dictionary to insert of clear a value from.</param>
            <param name="key">The key of the entry.</param>
            <param name="value">The value (or default value).</param>
        </member>
        <member name="M:System.Collections.Generic.DictionaryExtensions.GetValueOrDefault(System.Collections.Generic.IDictionary{System.String,System.String},System.String)">
            <summary>
            Gets the value with the given key, or null if the key is not present. 
            </summary>
            <param name="dictionary">The <see cref="T:System.Collections.Generic.IDictionary`2"/> instance <c>TKey</c> is of type <c>string</c >and <c>TValue</c> of type <c>string</c>.</param>
            <param name="key">The key whose value to get.</param>
            <returns>the value with the specified key if found; otherwise null.</returns>
        </member>
        <member name="M:System.Collections.Generic.DictionaryExtensions.GetValueOrDefault``1(System.Collections.Generic.IDictionary{System.String,System.String},System.String)">
            <summary>
            Gets the value of <typeparamref name="TValue"/> with the given key, or the <c>default</c> value 
            if the key is not present or the value is not of type <typeparamref name="TValue"/>. 
            </summary>
            <param name="dictionary">The <see cref="T:System.Collections.Generic.IDictionary`2"/> instance <c>TKey</c> is of type <c>string</c >and <c>TValue</c> of type <c>string</c>.</param>
            <param name="key">The key whose value to get.</param>
            <returns>the value with the specified key if found; otherwise null.</returns>
        </member>
        <member name="M:System.Collections.Generic.DictionaryExtensions.TryGetValue``1(System.Collections.Generic.IDictionary{System.String,System.String},System.String,``0@)">
            <summary>
            Gets the value of <typeparamref name="TValue"/> with the given key, or the <c>default</c> value 
            if the key is not present or the value is not of type <typeparamref name="TValue"/>. 
            </summary>
            <typeparam name="TValue">The type of the value.</typeparam>
            <param name="dictionary">The <see cref="T:System.Collections.Generic.IDictionary`2"/> instance <c>TKey</c> is of type <see cref="T:System.String"/> and <c>TValue</c> of type <see cref="T:System.Object"/>.</param>
            <param name="key">The key whose value to get.</param>
            <param name="value">When this method returns, the value with the specified key if found; otherwise the default value.</param>
            <returns><c>true</c> if key was found and value is of type <typeparamref name="TValue"/>; otherwise false.</returns>
        </member>
        <member name="M:System.StringExtensions.FormatForUser(System.String,System.Object[])">
            <summary>
            Formats the input string to be user visible using <see cref="P:System.Globalization.CultureInfo.CurrentCulture"/>.
            </summary>
        </member>
        <member name="M:System.StringExtensions.FormatInvariant(System.String,System.Object[])">
            <summary>
            Formats the input string to be user visible using <see cref="P:System.Globalization.CultureInfo.InvariantCulture"/>.
            </summary>
        </member>
        <member name="M:System.StringExtensions.SplitAndTrim(System.String,System.Char[])">
            <summary>
            Splits a string into segments based on a given <paramref name="separator"/>. The segments are 
            trimmed and empty segments are removed.
            </summary>
            <param name="input">The string to split.</param>
            <param name="separator">An array of Unicode characters that delimit the substrings in this instance, an empty array that contains no delimiters, or null.</param>
            <returns>An <see cref="T:System.Collections.Generic.IEnumerable`1"/> containing the resulting segments.</returns>
        </member>
        <member name="T:System.TypeExtensions">
            <summary>
            Utility class for manipulations of <see cref="T:System.Type"/> instances.
            </summary>
        </member>
        <member name="M:System.TypeExtensions.GetShortName(System.Type)">
            <summary>
            Gets a short name for a given <paramref name="type"/> excluding any special 
            characters such as '`' used in generic types.
            </summary>
            <param name="type">The <see cref="T:System.Type"/> to create a short name for.</param>
            <returns>The generated short name.</returns>
        </member>
        <member name="T:System.Web.Http.TableHttpConfigurationExtensions">
            <summary>
            Extension methods for <see cref="T:System.Web.Http.HttpConfiguration"/> facilitating getting the Table-related classes used
            by the backend.
            </summary>
        </member>
        <member name="M:System.Web.Http.TableHttpConfigurationExtensions.SetTableControllerConfigProvider(System.Web.Http.HttpConfiguration,Microsoft.Azure.Mobile.Server.Tables.ITableControllerConfigProvider)">
            <summary>
            </summary>
            <param name="config"></param>
            <param name="tableConfigProvider"></param>
        </member>
        <member name="M:System.Web.Http.TableHttpConfigurationExtensions.GetTableControllerConfigProvider(System.Web.Http.HttpConfiguration)">
            <summary>
            </summary>
            <param name="config"></param>
            <returns></returns>
        </member>
        <member name="M:System.Web.Http.TableHttpConfigurationExtensions.GetTableControllerNames(System.Web.Http.HttpConfiguration)">
            <summary>
            </summary>
            <param name="config"></param>
            <returns></returns>
        </member>
        <member name="T:System.Net.Http.Headers.LinkHeaderValue">
            <summary>
            A minimal Web Link (RFC 5988) implementation providing a mechanism for serializing links.
            </summary>
        </member>
        <member name="M:System.Net.Http.Headers.LinkHeaderValue.GetParameter(System.String)">
            <summary>
            Gets a parameter of the given name and attempts to decode it if necessary.
            </summary>
            <param name="name">The name of the parameter.</param>
            <returns>Null if the parameter is not present or the raw value if the encoding is incorrect.</returns>
        </member>
        <member name="M:System.Net.Http.Headers.LinkHeaderValue.SetParameter(System.String,System.String)">
            <summary>
            Add/update the given parameter in the list, encoding it if necessary. Remove if value is null/Empty 
            </summary>
            <param name="name">The name of the parameter.</param>
            <param name="value">The value to assign the parameter.</param>
        </member>
        <member name="M:System.Net.Http.Headers.LinkHeaderValue.Encode5987(System.String)">
            <summary>
            Encode a string using RFC 5987 encoding using the format: <c>encoding'lang'PercentEncodedSpecials</c>
            </summary>
            <param name="input">The value to encode.</param>
            <returns>The encoded value</returns>
        </member>
        <member name="M:System.Net.Http.Headers.LinkHeaderValue.TryDecode5987(System.String,System.String@)">
            <summary>
            Attempt to decode using RFC 5987 encoding of the format: <c>encoding'language'my%20string</c>
            </summary>
            <param name="input">The value to decode</param>
            <param name="output">The decoded output</param>
            <returns>true if value could be decoded; false otherwise.</returns>
        </member>
        <member name="T:System.Net.Http.TableHttpRequestMessageExtensions">
            <summary>
            Extension methods for the <see cref="T:System.Net.Http.HttpRequestMessage"/> class providing functionality
            related to table <see cref="T:Microsoft.Azure.Mobile.Server.TableController`1"/>.
            </summary>
        </member>
        <member name="M:System.Net.Http.TableHttpRequestMessageExtensions.AreDeletedRowsRequested(System.Net.Http.HttpRequestMessage)">
            <summary>
            Determines whether deleted rows were requested by the client.
            </summary>
            <param name="request">The <see cref="T:System.Net.Http.HttpRequestMessage"/>request</param> to check.
            <returns>True if the deleted rows are requested, otherwise False.</returns>
        </member>
        <member name="M:System.Net.Http.TableHttpRequestMessageExtensions.GetVersionFromIfMatch(System.Net.Http.HttpRequestMessage)">
            <summary>
            Gets the version of a table item from the HTTP <c>IfMatch</c> header. If the <c>IfMatch</c> contains an invalid value then
            an <see cref="T:System.Web.Http.HttpResponseException"/> is thrown containing an <see cref="T:System.Net.Http.HttpResponseMessage"/> with status code <see cref="F:System.Net.HttpStatusCode.BadRequest"/>.
            </summary>
            <param name="request"></param>
            <returns>A valid version byte array representing the version, or <c>null</c> if none were present.</returns>
        </member>
        <member name="M:System.Net.Http.TableHttpRequestMessageExtensions.SetSelectedProperties(System.Net.Http.HttpRequestMessage,System.Type,System.Boolean@)">
            <summary>
            Determines the set of properties to include in the OData $select query option for types implementing the
            <see cref="T:Microsoft.Azure.Mobile.Server.Tables.ITableData"/> interface. This function determines the set of selected properties and updates the
            request URI accordingly, if necessary.
            </summary>
            <param name="request">The <see cref="T:System.Net.Http.HttpRequestMessage"/>request</param> to manipulate.
            <param name="data">The type of the data model.</param>
            <param name="isModified">Indicates whether the original Request URI $select clause has been manipulated or not.</param>
            <remarks>The query is not actually validated in this step -- this happens as part of the <see cref="T:System.Web.Http.QueryableAttribute"/> validation.</remarks>
            <returns>In the case of a type implementing, the set of properties selected; otherwise null.</returns>
        </member>
        <member name="M:System.Net.Http.TableHttpRequestMessageExtensions.SetSelectedProperties(System.Net.Http.HttpRequestMessage,System.Type,System.Collections.Generic.IDictionary{System.String,System.String},System.Boolean@)">
            <summary>
            Determines the set of properties to include in the OData $select query option for types implementing the
            <see cref="T:Microsoft.Azure.Mobile.Server.Tables.ITableData"/> interface. This function determines the combined set of selected properties and updates the
            request URI accordingly, if necessary.
            </summary>
            <param name="request">The <see cref="T:System.Net.Http.HttpRequestMessage"/>request</param> to manipulate.
            <param name="data">The type of the data model.</param>
            <param name="systemPropertyMap">Optional map specifying replacement names for system properties.</param>
            <param name="isModified">Indicates whether the original Request URI $select clause has been manipulated or not.</param>
            <remarks>The query is not actually validated in this step -- this happens as part of the <see cref="T:System.Web.Http.QueryableAttribute"/> validation.</remarks>
            <returns>In the case of a type implementing, the set of properties selected; otherwise null.</returns>
        </member>
        <member name="M:System.Net.Http.TableHttpRequestMessageExtensions.GetQueryOption(System.String[],System.String,System.String[],System.Collections.Generic.IDictionary{System.String,System.String},System.Int32@,System.StringComparison)">
            <summary>
            Detects whether the <paramref name="option"/> is present in an OData query
            and if so returns the index and the value of the option.
            </summary>
            <param name="query">The query to check.</param>
            <param name="option">The option to check for.</param>
            <param name="index">The index into the query if the option is present; -1 otherwise.</param>
            <param name="modelMappedProperties">The mapped properties for this model (CLR type).</param>
            <param name="systemPropertyMap">Optional map specifying replacement names for system properties.</param>
            <param name="comparer">The <see cref="T:System.StringComparison"/> to use when looking for the query parameter (default is <see cref="F:System.StringComparison.Ordinal"/>).</param>
            <returns>The query option value if present; null otherwise.</returns>
        </member>
        <member name="T:System.TableTypeExtensions">
            <summary>
            Utility class for manipulations of <see cref="T:System.Type"/> instances.
            </summary>
        </member>
    </members>
</doc>
